column,count,nunique,missing,missing_perc,type,mean,std,variance,min,max,range,top5,5th_perc,95th_perc,zeros,zeros_perc,mean_plus_2sd,mean_minus_2sd,outliers_(+/-2sd),outliers_perc
age,87485,74,4228,0.046,NUMERIC,62.309515917014345,16.775118786639755,281.4046103058741,16.0,89.0,73.0,,29.0,86.0,0.0,0.0,95.85975349029385,28.759278343734834,4354.0,0.047
aids,90998,2,715,0.008,BOOLEAN,,,,,,,"'0.0': 90920 (0.991)
'1.0': 78 (0.001)
'nan': 1 (0.0)
'nan': 1 (0.0)
'nan': 1 (0.0)
",,,,,,,,
albumin_apache,37334,35,54379,0.593,NUMERIC,2.902967804146354,0.6818632458682332,0.4649374860659627,1.2,4.6,3.3999999999999995,,1.6999999999999997,4.0,0.0,0.0,4.26669429588282,1.5392413124098874,1629.0,0.018
apache_2_bodysystem,90051,10,1662,0.018,CATEGORICAL,,,,,,,"'Cardiovascular': 38816 (0.423)
'Neurologic': 11896 (0.13)
'Respiratory': 11609 (0.127)
'Gastrointestinal': 9026 (0.098)
'Metabolic': 7650 (0.083)
",,,,,,,,
apache_2_diagnosis,90051,44,1662,0.018,NUMERIC,185.40173901455842,86.05088169060105,7404.754239729818,101.0,308.0,207.0,,106.0,307.0,0.0,0.0,357.5035023957605,13.299975633356325,0.0,0.0
apache_3j_bodysystem,90051,11,1662,0.018,CATEGORICAL,,,,,,,"'Cardiovascular': 29999 (0.327)
'Neurological': 11896 (0.13)
'Sepsis': 11740 (0.128)
'Respiratory': 11609 (0.127)
'Gastrointestinal': 9026 (0.098)
",,,,,,,,
apache_3j_diagnosis,90612,399,1101,0.012,NUMERIC,558.2163765284952,463.2669846557763,214616.2990720553,0.01,2201.05,2201.04,,104.01,1501.01,0.0,0.0,1484.7503458400479,-368.3175927830574,4575.0,0.05
apache_4a_hospital_death_prob,83766,101,7947,0.087,NUMERIC,0.08678688250602871,0.24756853504249038,0.06129017954308479,-1.0,0.99,1.99,,0.0,0.5,2488.0,0.027,0.5819239525910095,-0.40835018757895203,5335.0,0.058
apache_4a_icu_death_prob,83766,99,7947,0.087,NUMERIC,0.04395482654060119,0.2173413763234179,0.047237273862157564,-1.0,0.97,1.97,,0.0,0.35,9694.0,0.106,0.478637579187437,-0.39072792610623464,4810.0,0.052
apache_post_operative,91713,2,0,0.0,BOOLEAN,,,,,,,"'0': 73269 (0.799)
'1': 18444 (0.201)
",,,,,,,,
arf_apache,90998,2,715,0.008,BOOLEAN,,,,,,,"'0.0': 88452 (0.964)
'1.0': 2546 (0.028)
'nan': 1 (0.0)
'nan': 1 (0.0)
'nan': 1 (0.0)
",,,,,,,,
bilirubin_apache,33579,362,58134,0.634,NUMERIC,1.1477208969891899,2.1655379959923775,4.689554812086682,0.1,51.0,50.9,,0.2,3.3,0.0,0.0,5.478796888973945,-3.183355094995565,851.0,0.009
bmi,88284,34888,3429,0.037,NUMERIC,29.18581766857506,8.275142229070935,68.47797891135309,14.84492591,67.81498973,52.97006381999999,,18.855359,44.51653784799999,0.0,0.0,45.73610212671693,12.635533210433188,3757.0,0.041
bun_apache,72451,476,19262,0.21,NUMERIC,25.82533036120964,20.672980127471522,427.37210735083244,4.0,127.0,123.0,,7.0,69.0,0.0,0.0,67.17129061615269,-15.520629893733403,3873.0,0.042
cirrhosis,90998,2,715,0.008,BOOLEAN,,,,,,,"'0.0': 89570 (0.977)
'1.0': 1428 (0.016)
'nan': 1 (0.0)
'nan': 1 (0.0)
'nan': 1 (0.0)
",,,,,,,,
creatinine_apache,72860,1127,18853,0.206,NUMERIC,1.4800135053527312,1.5257872456317774,2.328026718932606,0.3,11.18,10.879999999999999,,0.5,4.4,0.0,0.0,4.531587996616286,-1.5715609859108235,3465.0,0.038
d1_albumin_max,42617,35,49096,0.535,NUMERIC,2.9683318863364385,0.6689389861775609,0.44747936722826304,1.2,4.6,3.3999999999999995,,1.8,4.0,0.0,0.0,4.3062098586915605,1.6304539139813168,1750.0,0.019
d1_albumin_min,42617,35,49096,0.535,NUMERIC,2.900007039444353,0.671194750737584,0.4505023934176874,1.1,4.5,3.4,,1.7,4.0,0.0,0.0,4.242396540919521,1.5576175379691852,1705.0,0.019
d1_arterial_pco2_max,32442,831,59271,0.646,NUMERIC,45.24892423401763,14.669776450061544,215.20234109478028,18.4,111.0,92.6,,27.0,75.0,0.0,0.0,74.58847713414072,15.90937133389454,1660.0,0.018
d1_arterial_pco2_min,32442,674,59271,0.646,NUMERIC,38.43386178410702,10.944915678406577,119.7911792074301,14.9,85.912,71.012,,23.7,59.2949999999997,0.0,0.0,60.32369314092018,16.54403042729387,1757.0,0.019
d1_arterial_ph_max,31590,527,60123,0.656,NUMERIC,7.389236159544159,0.0847353882569048,0.0071800860230484,7.05428,7.62,0.5657199999999998,,7.246,7.52,0.0,0.0,7.558706936057968,7.219765383030349,1617.0,0.018
d1_arterial_ph_min,31590,624,60123,0.656,NUMERIC,7.324530060145614,0.11156079247609808,0.012445810417895024,6.89,7.557860000000001,0.667860000000001,,7.11,7.475,0.0,0.0,7.54765164509781,7.101408475193418,1702.0,0.019
d1_arterial_po2_max,32451,2428,59262,0.646,NUMERIC,165.91398030877323,108.0059386439149,11665.28278235311,39.0,540.865,501.865,,63.0,408.95,0.0,0.0,381.925857596603,-50.09789697905657,2165.0,0.024
d1_arterial_po2_min,32451,1822,59262,0.646,NUMERIC,103.51134941912422,61.84805241647145,3825.181587710599,28.0,448.892,420.892,,50.0,220.0,0.0,0.0,227.20745425206712,-20.184755413818678,1522.0,0.017
d1_bilirubin_max,38040,374,53673,0.585,NUMERIC,1.1373083596214513,2.1297548038848304,4.535855524670513,0.2,51.0,50.8,,0.2,3.3,0.0,0.0,5.396817967391112,-3.1222012481482095,980.0,0.011
d1_bilirubin_min,38040,357,53673,0.585,NUMERIC,1.067814931650894,2.017528964608625,4.07042312303475,0.2,51.0,50.8,,0.2,3.0,0.0,0.0,5.102872860868144,-2.967242997566356,917.0,0.01
d1_bun_max,81199,495,10514,0.115,NUMERIC,25.685745021490412,20.468943485950415,418.9776474310319,4.0,126.0,122.0,,7.0,69.0,0.0,0.0,66.62363199339124,-15.252141950410419,4413.0,0.048
d1_bun_min,81199,472,10514,0.115,NUMERIC,23.7674685648838,18.79578705978738,353.28161119687076,3.0,113.09,110.09,,6.0,63.0,0.0,0.0,61.35904268445856,-13.82410555469096,4370.0,0.048
d1_calcium_max,78644,47,13069,0.142,NUMERIC,8.378880779207568,0.735581218134015,0.5410797284715213,6.2,10.8,4.6000000000000005,,7.1,9.5,0.0,0.0,9.850043215475598,6.907718342939538,4246.0,0.046
d1_calcium_min,78644,49,13069,0.142,NUMERIC,8.179575047047454,0.7835884939426941,0.6140109278393796,5.5,10.3,4.800000000000001,,6.8,9.4,0.0,0.0,9.746752034932841,6.612398059162065,4239.0,0.046
d1_creatinine_max,81544,1187,10169,0.111,NUMERIC,1.4886499435887373,1.5069571386566305,2.270919817748179,0.34,11.11,10.77,,0.52,4.36,0.0,0.0,4.5025642209019985,-1.5252643337245237,3846.0,0.042
d1_creatinine_min,81544,1093,10169,0.111,NUMERIC,1.3669473756499557,1.3338552407695092,1.7791698033282857,0.3,9.9379,9.6379,,0.5,3.86,0.0,0.0,4.034657857188974,-1.3007631058890627,3775.0,0.041
d1_diasbp_invasive_max,23729,145,67984,0.741,NUMERIC,78.75700619495133,21.725389205904104,471.99253614801455,37.0,181.0,144.0,,52.0,118.0,0.0,0.0,122.20778460675953,35.30622778314312,1028.0,0.011
d1_diasbp_invasive_min,23729,85,67984,0.741,NUMERIC,46.738252770871085,12.855732655206888,165.26986210215273,5.0,89.0,84.0,,28.0,69.0,0.0,0.0,72.44971808128486,21.02678746045731,1407.0,0.015
d1_diasbp_max,91548,120,165,0.002,NUMERIC,88.49187311574256,19.798379381093575,391.9758261177113,46.0,165.0,119.0,,60.0,125.0,0.0,0.0,128.0886318779297,48.895114353555414,4270.0,0.047
d1_diasbp_min,91548,78,165,0.002,NUMERIC,50.16131428321755,13.317586006867678,177.3580970503178,13.0,90.0,77.0,,29.0,73.0,0.0,0.0,76.7964862969529,23.526142269482193,5224.0,0.057
d1_diasbp_noninvasive_max,90673,120,1040,0.011,NUMERIC,88.610512500965,19.793743246261318,391.7922716989156,46.0,165.0,119.0,,60.0,125.0,0.0,0.0,128.19799899348763,49.023026008442365,4347.0,0.047
d1_diasbp_noninvasive_min,90673,78,1040,0.011,NUMERIC,50.24259702447255,13.341521299718423,177.99619059084037,13.0,90.0,77.0,,29.0,73.0,0.0,0.0,76.9256396239094,23.559554425035707,5217.0,0.057
d1_glucose_max,85906,538,5807,0.063,NUMERIC,174.63802295532327,86.68795483142463,7514.801512855117,73.0,611.0,538.0,,90.0,350.0,0.0,0.0,348.01393261817253,1.2621132924739982,4361.0,0.048
d1_glucose_min,85906,256,5807,0.063,NUMERIC,114.38093963169045,38.27301329090495,1464.8235463657868,33.0,288.0,255.0,,66.0,186.0,0.0,0.0,190.92696621350035,37.834913049880555,4502.0,0.049
d1_hco3_max,76642,223,15071,0.164,NUMERIC,24.36650009133373,4.3714392749818,19.1094813348534,12.0,40.0,28.0,,17.0,32.0,0.0,0.0,33.109378641297326,15.623621541370131,4124.0,0.045
d1_hco3_min,76642,255,15071,0.164,NUMERIC,23.170486156415546,4.991443546634815,24.91450867924234,7.0,39.0,32.0,,14.0,31.0,0.0,0.0,33.153373249685174,13.187599063145916,4741.0,0.052
d1_heartrate_max,91568,120,145,0.002,NUMERIC,103.00056788397694,22.017346071288177,484.76352802286885,58.0,177.0,119.0,,71.0,143.0,0.0,0.0,147.0352600265533,58.96587574140059,3940.0,0.043
d1_heartrate_min,91568,154,145,0.002,NUMERIC,70.32184824392802,17.115902516535723,292.9541189555539,0.0,175.0,175.0,,46.0,99.0,598.0,0.007,104.55365327699946,36.09004321085657,4309.0,0.047
d1_hemaglobin_max,79566,105,12147,0.132,NUMERIC,11.448195209008873,2.1682520862861123,4.701317109684078,6.8,17.2,10.399999999999999,,8.0,15.1,0.0,0.0,15.784699381581097,7.111691036436648,2943.0,0.032
d1_hemaglobin_min,79566,115,12147,0.132,NUMERIC,10.887875474448887,2.3575919062004242,5.55823959618175,5.3,16.7,11.399999999999999,,7.0,14.7,0.0,0.0,15.603059286849735,6.172691662048038,2741.0,0.03
d1_hematocrit_max,80059,312,11654,0.127,NUMERIC,34.531970171998154,6.238759471441123,38.92211974249633,20.4,51.5,31.1,,24.5,44.9,0.0,0.0,47.0094891148804,22.054451229115905,3023.0,0.033
d1_hematocrit_min,80059,340,11654,0.127,NUMERIC,32.951813037884556,6.850031016983974,46.9229249336425,16.1,50.0,33.9,,21.5,43.8,0.0,0.0,46.6518750718525,19.25175100391661,3103.0,0.034
d1_inr_max,33772,481,57941,0.632,NUMERIC,1.596476252516878,0.9558429005785604,0.9136356505864357,0.9,7.756,6.856,,1.0,3.394499999999971,0.0,0.0,3.508162053673999,-0.31520954864024264,1503.0,0.016
d1_inr_min,33772,393,57941,0.632,NUMERIC,1.4829792727703424,0.7485569414419194,0.5603374945808812,0.9,6.127000000000001,5.227,,1.0,2.9,0.0,0.0,2.980093155654181,-0.014134610113496482,1649.0,0.018
d1_lactate_max,23317,704,68396,0.746,NUMERIC,2.9273825963889006,3.075981654605393,9.461663139468932,0.4,19.8,19.400000000000002,,0.7,9.304000000000016,0.0,0.0,9.079345905599688,-3.2245807128218855,1230.0,0.013
d1_lactate_min,23317,486,68396,0.746,NUMERIC,2.125128018184158,2.1114789464203194,4.4583433411762625,0.4,15.1,14.7,,0.6,5.8,0.0,0.0,6.348085911024796,-2.097829874656481,1017.0,0.011
d1_mbp_invasive_max,23936,285,67777,0.739,NUMERIC,114.8897476604278,49.45231946768843,2445.5319007343164,38.0,322.0,284.0,,74.0,247.0,0.0,0.0,213.79438659580467,15.985108725050935,1648.0,0.018
d1_mbp_invasive_min,23936,118,67777,0.739,NUMERIC,62.318348930481285,18.064150224693257,326.3135233402855,2.0,119.0,117.0,,32.0,92.0,0.0,0.0,98.44664937986781,26.19004848109477,1701.0,0.019
d1_mbp_max,91493,125,220,0.002,NUMERIC,104.65133944673363,20.808357828609218,432.9877555234425,60.0,184.0,124.0,,75.0,143.0,0.0,0.0,146.26805510395207,63.034623789515194,4343.0,0.047
d1_mbp_min,91493,91,220,0.002,NUMERIC,64.87185904932618,15.679679688352945,245.8523551293479,22.0,112.0,90.0,,40.0,92.0,0.0,0.0,96.23121842603206,33.51249967262029,5028.0,0.055
d1_mbp_noninvasive_max,90234,122,1479,0.016,NUMERIC,104.59045370924485,20.70117086118147,428.53847502382877,60.0,181.0,121.0,,75.0,142.0,0.0,0.0,145.9927954316078,63.188111986881914,4521.0,0.049
d1_mbp_noninvasive_min,90234,91,1479,0.016,NUMERIC,64.94154088259414,15.701304585977422,246.5309657016356,22.0,112.0,90.0,,40.0,92.0,0.0,0.0,96.34415005454898,33.5389317106393,4971.0,0.054
d1_pao2fio2ratio_max,25705,5194,66008,0.72,NUMERIC,285.66707894274543,128.21895557484544,16440.100568704187,54.8,834.805,780.005,,100.0,502.85714289999993,0.0,0.0,542.1049900924363,29.229167793054557,731.0,0.008
d1_pao2fio2ratio_min,25705,4990,66008,0.72,NUMERIC,223.52303675338692,117.5524969427338,13818.589537471438,36.0,604.2277778,568.2277778,,64.0,442.85714289999993,0.0,0.0,458.6280306388545,-11.581957132080674,1034.0,0.011
d1_platelets_max,78269,559,13444,0.147,NUMERIC,207.1056740216433,89.63085520660162,8033.690205066784,27.0,585.0,558.0,,82.0,369.0,0.0,0.0,386.36738443484654,27.84396360844005,3554.0,0.039
d1_platelets_min,78269,540,13444,0.147,NUMERIC,196.76977922293634,88.18426938630908,7776.46536719713,18.55,557.45,538.9000000000001,,72.0,355.0,0.0,0.0,373.13831799555453,20.40124045031817,3505.0,0.038
d1_potassium_max,82128,100,9585,0.105,NUMERIC,4.251594462302746,0.6673545289790727,0.44536206734887995,2.8,7.0,4.2,,3.3,5.5,0.0,0.0,5.586303520260891,2.916885404344601,4583.0,0.05
d1_potassium_min,82128,116,9585,0.105,NUMERIC,3.9346583382037794,0.5796102329358115,0.3359480221239056,2.4,5.8,3.4,,3.0,5.0,0.0,0.0,5.093878804075402,2.7754378723321564,4755.0,0.052
d1_resprate_max,91328,79,385,0.004,NUMERIC,28.882774176594253,10.70197318824014,114.53223012181083,14.0,92.0,78.0,,18.0,48.0,0.0,0.0,50.28672055307453,7.478827800113972,3659.0,0.04
d1_resprate_min,91328,55,385,0.004,NUMERIC,12.846279344779257,5.064943261554754,25.65365024276891,0.0,100.0,100.0,,4.0,21.0,3673.0,0.04,22.976165867888767,2.716392821669748,6838.0,0.075
d1_sodium_max,81518,71,10195,0.111,NUMERIC,139.12410142545204,4.815461767134578,23.188672030734875,123.0,158.0,35.0,,131.0,147.0,0.0,0.0,148.7550249597212,129.49317789118288,4730.0,0.052
d1_sodium_min,81518,138,10195,0.111,NUMERIC,137.72214357565198,4.924065417834205,24.246420239110748,117.0,153.0,36.0,,129.0,145.0,0.0,0.0,147.57027441132038,127.87401273998357,4069.0,0.044
d1_spo2_max,91380,43,333,0.004,NUMERIC,99.24183628802801,1.7941805411784004,3.2190838143432177,0.0,100.0,100.0,,96.0,100.0,6.0,0.0,102.83019737038481,95.65347520567121,2156.0,0.024
d1_spo2_min,91380,101,333,0.004,NUMERIC,90.4548260013132,10.030069217595692,100.60228850976067,0.0,100.0,100.0,,77.0,98.0,152.0,0.002,110.51496443650458,70.3946875661218,2958.0,0.032
d1_sysbp_invasive_max,23754,225,67959,0.741,NUMERIC,154.27431169487244,32.287805146452285,1042.5023611752706,71.0,295.0,224.0,,111.0,208.0,0.0,0.0,218.849921987777,89.69870140196787,1133.0,0.012
d1_sysbp_invasive_min,23754,163,67959,0.741,NUMERIC,93.81375768291656,24.98335408778354,624.1679814755704,10.0,172.0,162.0,,56.0,137.0,0.0,0.0,143.78046585848364,43.84704950734948,1466.0,0.016
d1_sysbp_max,91554,143,159,0.002,NUMERIC,148.33974485003387,25.733258997242405,662.2006186191571,90.0,232.0,142.0,,111.0,195.0,0.0,0.0,199.80626284451867,96.87322685554906,4290.0,0.047
d1_sysbp_min,91554,120,159,0.002,NUMERIC,96.92387006575355,20.6779298952179,427.57678475154614,41.0,160.0,119.0,,64.0,133.0,0.0,0.0,138.27972985618936,55.56801027531775,4975.0,0.054
d1_sysbp_noninvasive_max,90686,143,1027,0.011,NUMERIC,148.23554903733762,25.792452977791882,665.2506306116053,90.0,232.0,142.0,,110.0,195.0,0.0,0.0,199.82045499292138,96.65064308175386,4287.0,0.047
d1_sysbp_noninvasive_min,90686,120,1027,0.011,NUMERIC,96.99331297002843,20.705016166659032,428.6976944616119,41.03,160.0,118.97,,64.0,133.0,0.0,0.0,138.4033453033465,55.58328063671036,4945.0,0.054
d1_temp_max,89389,186,2324,0.025,NUMERIC,37.284200643032136,0.693286860981269,0.4806466716092614,35.1,39.9,4.799999999999997,,36.4,38.66,0.0,0.0,38.67077436499467,35.8976269210696,5559.0,0.061
d1_temp_min,89389,209,2324,0.025,NUMERIC,36.26839055056483,0.7451473321970258,0.5552445466803447,31.889,37.8,5.910999999999998,,35.1,37.1,0.0,0.0,37.75868521495888,34.77809588617078,3584.0,0.039
d1_wbc_max,78539,3098,13174,0.144,NUMERIC,12.476301709978483,6.796186570303697,46.18815189837633,1.2,46.08,44.879999999999995,,4.77,25.26,0.0,0.0,26.06867485058588,-1.116071430628912,3515.0,0.038
d1_wbc_min,78539,2774,13174,0.144,NUMERIC,11.313535542851323,5.950833331615825,35.4124173406699,0.9,40.898,39.998000000000005,,4.35,22.4,0.0,0.0,23.21520220608297,-0.5881311203803268,3420.0,0.037
diabetes_mellitus,90998,2,715,0.008,BOOLEAN,,,,,,,"'0.0': 70506 (0.769)
'1.0': 20492 (0.223)
'nan': 1 (0.0)
'nan': 1 (0.0)
'nan': 1 (0.0)
",,,,,,,,
elective_surgery,91713,2,0,0.0,BOOLEAN,,,,,,,"'0': 74862 (0.816)
'1': 16851 (0.184)
",,,,,,,,
encounter_id,91713,91713,0,0.0,UNIQUE,,,,1.0,131051.0,131050.0,,,,,,,,,
ethnicity,90318,6,1395,0.015,CATEGORICAL,,,,,,,"'Caucasian': 70684 (0.771)
'African American': 9547 (0.104)
'Other/Unknown': 4374 (0.048)
'Hispanic': 3796 (0.041)
'nan': 1395 (0.015)
",,,,,,,,
fio2_apache,20845,82,70868,0.773,NUMERIC,0.5957514991604701,0.263237705245556,0.06929408946294623,0.21,1.0,0.79,,0.25,1.0,0.0,0.0,1.122226909651582,0.06927608866935808,0.0,0.0
gcs_eyes_apache,89812,4,1901,0.021,NUMERIC,3.4650492139135083,0.9517146998203759,0.9057608698541882,1.0,4.0,3.0,,1.0,4.0,0.0,0.0,5.36847861355426,1.5616198142727564,8274.0,0.09
gcs_motor_apache,89812,6,1901,0.021,NUMERIC,5.471195385917249,1.288376265331116,1.6599134010685541,1.0,6.0,5.0,,1.0,6.0,0.0,0.0,8.047947916579481,2.894442855255017,5852.0,0.064
gcs_unable_apache,90676,2,1037,0.011,BOOLEAN,,,,,,,"'0.0': 89812 (0.979)
'1.0': 864 (0.009)
'nan': 1 (0.0)
'nan': 1 (0.0)
'nan': 1 (0.0)
",,,,,,,,
gcs_verbal_apache,89812,5,1901,0.021,NUMERIC,3.9947779806707344,1.5601659424956833,2.4341177681234436,1.0,5.0,4.0,,1.0,5.0,0.0,0.0,7.115109865662101,0.8744460956793678,0.0,0.0
gender,91688,2,25,0.0,BOOLEAN,,,,,,,"'M': 49469 (0.539)
'F': 42219 (0.46)
'nan': 25 (0.0)
",,,,,,,,
glucose_apache,80677,565,11036,0.12,NUMERIC,160.3268217707649,90.79055136818879,8242.924217739726,39.0,598.7,559.7,,73.0,341.0,0.0,0.0,341.90792450714247,-21.25428096561268,4002.0,0.044
h1_albumin_max,7889,37,83824,0.914,NUMERIC,3.0300798580301684,0.7316511420911651,0.5353133937233063,1.1,4.7,3.6,,1.7000000000000002,4.2,0.0,0.0,4.493382142212498,1.5667775738478382,344.0,0.004
h1_albumin_min,7889,37,83824,0.914,NUMERIC,3.0290784636836094,0.7316769029553476,0.5353510903183292,1.1,4.7,3.6,,1.7000000000000002,4.2,0.0,0.0,4.492432269594305,1.5657246577729143,343.0,0.004
h1_arterial_pco2_max,15754,779,75959,0.828,NUMERIC,44.66844388726672,14.630906877400236,214.0634360551575,15.0,111.505,96.505,,26.199999999999996,74.0,0.0,0.0,73.93025764206719,15.406630132466248,891.0,0.01
h1_arterial_pco2_min,15754,768,75959,0.828,NUMERIC,43.38345277389869,14.113106811259414,199.17978386601686,14.997,107.0,92.003,,26.0,72.0,0.0,0.0,71.60966639641751,15.157239151379862,900.0,0.01
h1_arterial_ph_max,15289,561,76424,0.833,NUMERIC,7.338362744456799,0.1058207092947739,0.011198022515649048,6.93,7.57,0.6400000000000006,,7.14,7.48,0.0,0.0,7.5500041630463475,7.126721325867251,784.0,0.009
h1_arterial_ph_min,15289,579,76424,0.833,NUMERIC,7.3278825299234756,0.10787289414609026,0.011636561291453596,6.9,7.563,0.6629999999999994,,7.120000000000001,7.4796,0.0,0.0,7.5436283182156565,7.112136741631295,831.0,0.009
h1_arterial_po2_max,15768,1737,75945,0.828,NUMERIC,163.8413543252156,113.45573846783881,12872.20459128264,34.0,534.905,500.905,,56.2,413.0,0.0,0.0,390.75283126089323,-63.07012261046202,1016.0,0.011
h1_arterial_po2_min,15768,1729,75945,0.828,NUMERIC,144.15422406139012,98.46454339554838,9695.266306093828,31.0,514.905,483.905,,54.0,369.2599999999999,0.0,0.0,341.0833108524869,-52.774862729706626,1012.0,0.011
h1_bilirubin_max,7094,181,84619,0.923,NUMERIC,1.0986115026783196,2.0335902979636775,4.135489499971999,0.2,40.4,40.199999999999996,,0.2,3.0,0.0,0.0,5.1657920986056745,-2.9685690932490356,154.0,0.002
h1_bilirubin_min,7094,181,84619,0.923,NUMERIC,1.0977516210882436,2.0326051841257673,4.1314838345349445,0.2,40.4,40.199999999999996,,0.2,3.0,0.0,0.0,5.162961989339778,-2.967458747163291,153.0,0.002
h1_bun_max,16622,258,75091,0.819,NUMERIC,25.84453796173746,21.43523513349967,459.46930522841865,4.0,135.0,131.0,,7.0,70.0,0.0,0.0,68.71500822873679,-17.025932305261883,891.0,0.01
h1_bun_min,16622,258,75091,0.819,NUMERIC,25.819252195884975,21.417970784998907,458.7294725470667,4.0,135.0,131.0,,7.0,70.0,0.0,0.0,68.65519376588279,-17.01668937411284,887.0,0.01
h1_calcium_max,15850,59,75863,0.827,NUMERIC,8.283716088328077,0.8824344664449788,0.7786905875700344,5.6,11.4,5.800000000000001,,6.8,9.7,0.0,0.0,10.048585021218035,6.51884715543812,826.0,0.009
h1_calcium_min,15850,62,75863,0.827,NUMERIC,8.282291798107254,0.8853786201353229,0.7838953009927284,5.3,11.315,6.015,,6.8,9.7,0.0,0.0,10.0530490383779,6.511534557836608,829.0,0.009
h1_creatinine_max,16756,784,74957,0.817,NUMERIC,1.53122054189544,1.5756441092652675,2.4826543590623387,0.33,11.6042,11.2742,,0.53,4.5,0.0,0.0,4.682508760425975,-1.620067676635095,793.0,0.009
h1_creatinine_min,16756,777,74957,0.817,NUMERIC,1.5287841370255428,1.5724512814522904,2.4726030325409503,0.33,11.571,11.241,,0.53,4.5,0.0,0.0,4.673686699930124,-1.616118425879038,790.0,0.009
h1_diasbp_invasive_max,16785,103,74928,0.817,NUMERIC,67.97033065236819,16.264586517547922,264.53677458680164,33.0,135.0,102.0,,45.0,97.0,0.0,0.0,100.49950368746403,35.441157617272346,748.0,0.008
h1_diasbp_invasive_min,16785,86,74928,0.817,NUMERIC,56.14292523086089,14.142713048154455,200.0163323624383,19.0,104.0,85.0,,35.0,81.0,0.0,0.0,84.42835132716979,27.85749913455198,782.0,0.009
h1_diasbp_max,88094,107,3619,0.039,NUMERIC,75.35450768497287,18.409189647643124,338.89826348289074,37.0,143.0,106.0,,49.0,108.0,0.0,0.0,112.17288698025912,38.536128389686624,3878.0,0.042
h1_diasbp_min,88094,92,3619,0.039,NUMERIC,62.838150157786,16.363228977278794,267.75526256285644,22.0,113.0,91.0,,38.0,91.0,0.0,0.0,95.56460811234359,30.111692203228415,4361.0,0.048
h1_diasbp_noninvasive_max,84363,108,7350,0.08,NUMERIC,75.80593388096678,18.481825550967468,341.5778756963939,37.0,144.0,107.0,,49.0,109.0,0.0,0.0,112.7695849829017,38.84228277903184,3810.0,0.042
h1_diasbp_noninvasive_min,84363,93,7350,0.08,NUMERIC,63.270616265424415,16.42206346933414,269.6841685908389,22.0,114.0,92.0,,38.0,92.0,0.0,0.0,96.11474320409269,30.426489326756133,4009.0,0.044
h1_glucose_max,39099,601,52614,0.574,NUMERIC,167.98511701066522,94.7218563927144,8972.23007848201,59.0,695.045,636.045,,83.0,360.0,0.0,0.0,357.428829796094,-21.45859577476358,1998.0,0.022
h1_glucose_min,39099,588,52614,0.574,NUMERIC,159.22274226962327,89.15745479372863,7949.051745295764,42.0,670.0,628.0,,78.0,337.0,0.0,0.0,337.5376518570805,-19.092167317833997,1938.0,0.021
h1_hco3_max,15619,214,76094,0.83,NUMERIC,22.496696331391252,5.206055001424059,27.103008677852465,6.0,39.0,33.0,,13.0,30.0,0.0,0.0,32.90880633423937,12.084586328543134,1114.0,0.012
h1_hco3_min,15619,198,76094,0.83,NUMERIC,22.421697932005888,5.207136742477822,27.114273054862544,6.0,39.0,33.0,,13.0,30.0,0.0,0.0,32.83597141696153,12.007424447050244,1129.0,0.012
h1_heartrate_max,88923,119,2790,0.03,NUMERIC,92.22919829515423,21.823703504549563,476.2740346544889,46.0,164.0,118.0,,60.0,132.0,0.0,0.0,135.87660530425336,48.58179128605511,4145.0,0.045
h1_heartrate_min,88923,109,2790,0.03,NUMERIC,83.6637202973359,20.27986894907277,411.273084591566,36.0,144.0,108.0,,54.0,120.0,0.0,0.0,124.22345819548144,43.10398239919036,4129.0,0.045
h1_hemaglobin_max,18590,124,73123,0.797,NUMERIC,11.18666487358795,2.3722439263310258,5.627541246014442,5.1,17.4,12.299999999999999,,7.4,15.2,0.0,0.0,15.931152726250001,6.442177020925899,804.0,0.009
h1_hemaglobin_min,18590,124,73123,0.797,NUMERIC,11.038961807423346,2.409133305977338,5.803923285969298,5.0,17.3,12.3,,7.2,15.1,0.0,0.0,15.857228419378021,6.220695195468671,788.0,0.009
h1_hematocrit_max,18293,358,73420,0.801,NUMERIC,33.67367298966818,6.840011132393372,46.78575229126526,16.0,51.7,35.7,,22.6,45.0,0.0,0.0,47.35369525445492,19.993650724881434,780.0,0.009
h1_hematocrit_min,18293,361,73420,0.801,NUMERIC,33.22315639862243,7.029451923478618,49.41319434449724,15.5,51.5,36.0,,22.0,44.9,0.0,0.0,47.282060245579665,19.164252551665193,756.0,0.008
h1_inr_max,33772,481,57941,0.632,NUMERIC,1.596476252516878,0.9558429005785604,0.9136356505864357,0.9,7.756,6.856,,1.0,3.394499999999971,0.0,0.0,3.508162053673999,-0.31520954864024264,1503.0,0.016
h1_inr_min,33772,393,57941,0.632,NUMERIC,1.4829792727703424,0.7485569414419194,0.5603374945808812,0.9,6.127000000000001,5.227,,1.0,2.9,0.0,0.0,2.980093155654181,-0.014134610113496482,1649.0,0.018
h1_lactate_max,7344,547,84369,0.92,NUMERIC,3.068860294117647,2.9265453208057304,8.564667514729916,0.4,18.1,17.700000000000003,,0.7,9.298499999999995,0.0,0.0,8.921950935729107,-2.7842303474938137,402.0,0.004
h1_lactate_min,7344,536,84369,0.92,NUMERIC,3.0215426879084966,2.884302644932509,8.319201747564668,0.4,18.0195,17.619500000000002,,0.7,9.1,0.0,0.0,8.790147977773515,-2.7470626019565216,401.0,0.004
h1_mbp_invasive_max,16869,247,74844,0.816,NUMERIC,94.88363269903373,30.81419759295792,949.5147732978538,35.625,293.375,257.75,,64.0,133.0,0.0,0.0,156.51202788494956,33.25523751311788,481.0,0.005
h1_mbp_invasive_min,16869,133,74844,0.816,NUMERIC,75.9711304760211,19.22505180282508,369.6026168213079,8.0,140.0,132.0,,49.0,108.0,0.0,0.0,114.42123408167126,37.52102687037094,763.0,0.008
h1_mbp_max,87074,117,4639,0.051,NUMERIC,91.61294990467879,20.533173612622164,421.6112186060832,49.0,165.0,116.0,,62.0,129.0,0.0,0.0,132.6792971299231,50.54660267943446,4006.0,0.044
h1_mbp_min,87074,107,4639,0.051,NUMERIC,79.4000275627627,19.130589856601468,365.979468261503,32.0,138.0,106.0,,50.0,113.0,0.0,0.0,117.66120727596564,41.13884784955977,4306.0,0.047
h1_mbp_noninvasive_max,82629,115,9084,0.099,NUMERIC,91.59412554914134,20.55201821560216,422.385452734443,49.0,163.0,114.0,,62.0,129.0,0.0,0.0,132.69816198034567,50.49008911793702,3843.0,0.042
h1_mbp_noninvasive_min,82629,107,9084,0.099,NUMERIC,79.70931513149137,19.236506805456703,370.043194076382,32.0,138.0,106.0,,50.0,113.0,0.0,0.0,118.18232874240476,41.23630152057796,3964.0,0.043
h1_pao2fio2ratio_max,11518,3142,80195,0.874,NUMERIC,244.40498172767062,129.9643078447156,16890.721313556005,42.0,720.0,678.0,,71.0,481.81499999999994,0.0,0.0,504.3335974171018,-15.523633961760567,410.0,0.004
h1_pao2fio2ratio_min,11518,3122,80195,0.874,NUMERIC,235.93305011669992,126.45850688098061,15991.75396256702,38.0,654.8137931,616.8137931,,68.0,471.4821428349998,0.0,0.0,488.8500638786611,-16.983963645261298,446.0,0.005
h1_platelets_max,16040,544,75673,0.825,NUMERIC,196.09600997506234,92.64658316659373,8583.389372444568,20.0,585.0,565.0,,76.0,368.0,0.0,0.0,381.38917630824983,10.802843641874887,688.0,0.008
h1_platelets_min,16040,545,75673,0.825,NUMERIC,195.48154613466335,92.77949369139989,8608.034449632512,20.0,585.0,565.0,,75.0,368.0,0.0,0.0,381.04053351746313,9.922558751863562,684.0,0.007
h1_potassium_max,19611,115,72102,0.786,NUMERIC,4.20114425577482,0.7632006039044539,0.582475161800123,2.5,7.2,4.7,,3.1,5.7,0.0,0.0,5.727545463583728,2.6747430479659124,1059.0,0.012
h1_potassium_min,19611,113,72102,0.786,NUMERIC,4.153006475957372,0.7525285521046127,0.5662992217326647,2.5,7.1,4.6,,3.1,5.6,0.0,0.0,5.658063580166597,2.6479493717481466,1129.0,0.012
h1_resprate_max,87356,50,4357,0.048,NUMERIC,22.63361417647328,7.515042785698929,56.47586807088552,10.0,59.0,49.0,,14.0,37.0,0.0,0.0,37.663699747871135,7.603528605075422,3987.0,0.043
h1_resprate_min,87356,91,4357,0.048,NUMERIC,17.211525252987773,6.072588060748159,36.87632575554108,0.0,189.0,189.0,,10.0,28.0,634.0,0.007,29.35670137448409,5.066349131491455,4151.0,0.045
h1_sodium_max,19096,99,72617,0.792,NUMERIC,138.2396103896104,5.745875434527083,33.01508450910179,114.0,157.0,43.0,,129.0,146.0,0.0,0.0,149.73136125866455,126.74785952055623,1012.0,0.011
h1_sodium_min,19096,113,72617,0.792,NUMERIC,137.90194805194804,5.676796242749521,32.22601558169508,114.0,157.0,43.0,,128.0,146.0,0.0,0.0,149.25554053744708,126.548355566449,985.0,0.011
h1_spo2_max,87528,72,4185,0.046,NUMERIC,98.04463714468513,3.212934365254396,10.322947235432668,0.0,100.0,100.0,,94.0,100.0,12.0,0.0,104.47050587519392,91.61876841417633,1577.0,0.017
h1_spo2_min,87528,100,4185,0.046,NUMERIC,95.17430993510648,6.62522661639083,43.89362771853349,0.0,100.0,100.0,,87.0,100.0,62.0,0.001,108.42476316788814,81.92385670232481,2078.0,0.023
h1_sysbp_invasive_max,16798,181,74915,0.817,NUMERIC,138.70282176449578,29.20976895261563,853.210602265188,65.0,246.0,181.0,,97.0,190.0,0.0,0.0,197.12235966972705,80.28328385926451,788.0,0.009
h1_sysbp_invasive_min,16798,168,74915,0.817,NUMERIC,114.83409929753543,27.972480922997523,782.4596889874603,31.44,198.0,166.56,,75.0,164.0,0.0,0.0,170.77906114353047,58.889137451540385,820.0,0.009
h1_sysbp_max,88102,149,3611,0.039,NUMERIC,133.24739506481123,27.556985511981704,759.3874505075695,75.0,223.0,148.0,,93.0,184.0,0.0,0.0,188.36136608877464,78.13342404084781,4058.0,0.044
h1_sysbp_min,88102,142,3611,0.039,NUMERIC,116.36229597511975,26.51063737434568,702.8138939940541,53.0,194.0,141.0,,76.0,162.0,0.0,0.0,169.38357072381112,63.34102122642839,4214.0,0.046
h1_sysbp_noninvasive_max,84372,149,7341,0.08,NUMERIC,133.05468638884938,27.67975087694279,766.1686086096153,75.0,223.0,148.0,,93.0,184.0,0.0,0.0,188.41418814273496,77.6951846349638,3837.0,0.042
h1_sysbp_noninvasive_min,84372,143,7341,0.08,NUMERIC,116.54962546816479,26.62352832274628,708.8122603520734,53.0,195.0,142.0,,75.0,163.0,0.0,0.0,169.79668211365737,63.30256882267223,4118.0,0.045
h1_temp_max,69981,294,21732,0.237,NUMERIC,36.71085759550635,0.7530901573343024,0.5671447850738044,33.4,39.5,6.100000000000001,,35.6,37.9,0.0,0.0,38.21703791017495,35.20467728083774,4374.0,0.048
h1_temp_min,69981,303,21732,0.237,NUMERIC,36.6076505689007,0.7767061963753877,0.6032725154879224,32.9,39.3,6.399999999999999,,35.4,37.8,0.0,0.0,38.161062961651474,35.05423817614993,4263.0,0.046
h1_wbc_max,15760,2075,75953,0.828,NUMERIC,13.460211928934008,6.979338858369048,48.71117089994017,1.1,44.102,43.001999999999995,,4.9,26.8,0.0,0.0,27.418889645672103,-0.4984657878040881,712.0,0.008
h1_wbc_min,15760,2072,75953,0.828,NUMERIC,13.423474974619287,6.965104288775983,48.512677753525594,1.0898,44.102,43.0122,,4.9,26.7,0.0,0.0,27.353683552171255,-0.5067336029326786,710.0,0.008
heart_rate_apache,90835,149,878,0.01,NUMERIC,99.70793196455111,30.870502195387132,952.9879057954017,30.0,178.0,148.0,,47.0,146.0,0.0,0.0,161.44893635532537,37.96692757377684,2805.0,0.031
height,90379,401,1334,0.015,NUMERIC,169.64158786886333,10.795378268430241,116.5401919584959,137.2,195.59,58.390000000000015,,152.4,187.9,0.0,0.0,191.2323444057238,148.05083133200284,2789.0,0.03
hematocrit_apache,71835,353,19878,0.217,NUMERIC,32.98873947240203,6.873585173712835,47.2461731402849,16.2,51.4,35.2,,21.6,43.9,0.0,0.0,46.7359098198277,19.241569124976362,2986.0,0.033
hepatic_failure,90998,2,715,0.008,BOOLEAN,,,,,,,"'0.0': 89816 (0.979)
'1.0': 1182 (0.013)
'nan': 1 (0.0)
'nan': 1 (0.0)
'nan': 1 (0.0)
",,,,,,,,
hospital_admit_source,70304,15,21409,0.233,CATEGORICAL,,,,,,,"'Emergency Department': 36962 (0.403)
'nan': 21409 (0.233)
'Operating Room': 9787 (0.107)
'Floor': 8055 (0.088)
'Direct Admit': 6441 (0.07)
",,,,,,,,
hospital_death,91713,2,0,0.0,BOOLEAN,,,,,,,"'0': 83798 (0.914)
'1': 7915 (0.086)
",,,,,,,,
hospital_id,91713,147,0,0.0,NUMERIC,105.66926171862222,62.85440643136158,3950.6764078387882,2.0,204.0,202.0,,14.0,196.0,0.0,0.0,231.3780745813454,-20.03955114410094,0.0,0.0
icu_admit_source,91601,5,112,0.001,CATEGORICAL,,,,,,,"'Accident & Emergency': 54060 (0.589)
'Operating Room / Recovery': 18713 (0.204)
'Floor': 15611 (0.17)
'Other Hospital': 2358 (0.026)
'Other ICU': 859 (0.009)
",,,,,,,,
icu_id,91713,241,0,0.0,NUMERIC,508.3576919302607,228.98966093955613,52436.264817212876,82.0,927.0,845.0,,98.0,876.0,0.0,0.0,966.337013809373,50.378370051148465,0.0,0.0
icu_stay_type,91713,3,0,0.0,CATEGORICAL,,,,,,,"'admit': 86183 (0.94)
'transfer': 4970 (0.054)
'readmit': 560 (0.006)
",,,,,,,,
icu_type,91713,8,0,0.0,CATEGORICAL,,,,,,,"'Med-Surg ICU': 50586 (0.552)
'MICU': 7695 (0.084)
'Neuro ICU': 7675 (0.084)
'CCU-CTICU': 7156 (0.078)
'SICU': 5209 (0.057)
",,,,,,,,
immunosuppression,90998,2,715,0.008,BOOLEAN,,,,,,,"'0.0': 88617 (0.966)
'1.0': 2381 (0.026)
'nan': 1 (0.0)
'nan': 1 (0.0)
'nan': 1 (0.0)
",,,,,,,,
intubated_apache,90998,2,715,0.008,BOOLEAN,,,,,,,"'0.0': 77237 (0.842)
'1.0': 13761 (0.15)
'nan': 1 (0.0)
'nan': 1 (0.0)
'nan': 1 (0.0)
",,,,,,,,
leukemia,90998,2,715,0.008,BOOLEAN,,,,,,,"'0.0': 90355 (0.985)
'1.0': 643 (0.007)
'nan': 1 (0.0)
'nan': 1 (0.0)
'nan': 1 (0.0)
",,,,,,,,
lymphoma,90998,2,715,0.008,BOOLEAN,,,,,,,"'0.0': 90622 (0.988)
'1.0': 376 (0.004)
'nan': 1 (0.0)
'nan': 1 (0.0)
'nan': 1 (0.0)
",,,,,,,,
map_apache,90719,161,994,0.011,NUMERIC,88.01587319084206,42.032411775428976,1766.7236396592205,40.0,200.0,160.0,,42.0,164.0,0.0,0.0,172.08069674170002,3.951049639984106,3138.0,0.034
paco2_apache,20845,704,70868,0.773,NUMERIC,42.1832381866155,12.382412429161034,153.32413756584165,18.0,95.0,77.0,,26.0,67.0,0.0,0.0,66.94806304493757,17.41841332829343,1062.0,0.012
paco2_for_ph_apache,20845,704,70868,0.773,NUMERIC,42.1832381866155,12.382412429161034,153.32413756584165,18.0,95.0,77.0,,26.0,67.0,0.0,0.0,66.94806304493757,17.41841332829343,1062.0,0.012
pao2_apache,20845,2003,70868,0.773,NUMERIC,131.14846725833536,83.60729157637248,6990.179204736563,31.0,498.0,467.0,,56.9,315.7399999999998,0.0,0.0,298.3630504110803,-36.06611589440959,1224.0,0.013
patient_id,91713,91713,0,0.0,UNIQUE,,,,1.0,131051.0,131050.0,,,,,,,,,
ph_apache,20845,555,70868,0.773,NUMERIC,7.353894788198608,0.0977546871516284,0.009555978860112743,6.960539999999999,7.59,0.6294600000000008,,7.18,7.49,0.0,0.0,7.549404162501865,7.158385413895351,1092.0,0.012
pre_icu_los_days,91713,9757,0,0.0,NUMERIC,0.835766050667986,2.4877561731500593,6.188930777046228,-24.94722222,159.09097219999998,184.03819441999997,,0.0006944439999999999,4.387777777599996,3711.0,0.04,5.811278396968104,-4.139746295632133,3126.0,0.034
readmission_status,91713,1,0,0.0,CONSTANT,,,,,,,"'0': 91713 (1.0)
",,,,,,,,
resprate_apache,90479,74,1234,0.013,NUMERIC,25.811006973993962,15.106312442600267,228.20067561345962,4.0,60.0,56.0,,5.0,53.0,0.0,0.0,56.023631859194495,-4.401617911206571,2628.0,0.029
sodium_apache,73113,119,18600,0.203,NUMERIC,137.96637260131578,5.279418412726776,27.872258776638514,117.0,158.0,41.0,,129.0,146.0,0.0,0.0,148.52520942676932,127.40753577586223,4279.0,0.047
solid_tumor_with_metastasis,90998,2,715,0.008,BOOLEAN,,,,,,,"'0.0': 89120 (0.972)
'1.0': 1878 (0.02)
'nan': 1 (0.0)
'nan': 1 (0.0)
'nan': 1 (0.0)
",,,,,,,,
temp_apache,87605,191,4108,0.045,NUMERIC,36.41447246161749,0.8334964156387126,0.6947162748825815,32.1,39.7,7.600000000000001,,35.3,37.3,0.0,0.0,38.08146529289492,34.74747963034007,4913.0,0.054
urineoutput_apache,42715,24772,48998,0.534,NUMERIC,1738.2768306148191,1448.1624112803797,2097174.3694454036,0.0,8716.669632,8716.669632,,104.46624000000007,4568.063039999994,932.0,0.01,4634.601653175579,-1158.0479919459403,2049.0,0.022
ventilated_apache,90998,2,715,0.008,BOOLEAN,,,,,,,"'0.0': 61358 (0.669)
'1.0': 29640 (0.323)
'nan': 1 (0.0)
'nan': 1 (0.0)
'nan': 1 (0.0)
",,,,,,,,
wbc_apache,69701,3075,22012,0.24,NUMERIC,12.1333328072768,6.91798398971162,47.8585024819063,0.9,45.8,44.9,,4.3,25.1,0.0,0.0,25.96930078670004,-1.7026351721464401,3111.0,0.034
weight,88993,3409,2720,0.03,NUMERIC,84.02833953232278,25.011496809436867,625.5749726484705,38.6,186.0,147.4,,50.3,130.0,0.0,0.0,134.0513331511965,34.00534591344904,3749.0,0.041
